geo_code,geo,time,poblacion
AL,Albania,2021,2829741
AT,Austria,2021,8932664
BE,Belgium,2021,11554767
BG,Bulgaria,2021,6916548
CH,Switzerland,2021,8670300
CY,Cyprus,2021,896007
CZ,Czechia,2021,10701777
DE,Germany (until 1990 former territory of the FRG),2021,83155031
DK,Denmark,2021,5840045
EE,Estonia,2021,1330068
EL,Greece,2021,10678632
ES,Spain,2021,47398695
FI,Finland,2021,5533793
FR,France,2021,67656682
HR,Croatia,2021,4036355
HU,Hungary,2021,9730772
IE,Ireland,2021,5006324
IS,Iceland,2021,368792
IT,Italy,2021,59236213
LI,LI Liechtenstein,2021,39055
LT,Lithuania,2021,2795680
LU,LU Luxembourg,2021,634730
LV,Latvia,2021,1893223
ME,Montenegro,2021,620739
MK,North Macedonia,2021,2068808
MT,MT Malta,2021,516100
NL,Netherlands,2021,17475415
NO,Norway,2021,5391369
PL,Poland,2021,37840001
PT,Portugal,2021,10298252
RO,Romania,2021,19201662
RS,Serbia,2021,6871547
SE,Sweden,2021,10379295
SI,Slovenia,2021,2108977
SK,Slovakia,2021,5459781
TR,Türkiye,2021,83614362
AL,Albania,2020,2845955
AT,Austria,2020,8901064
BE,Belgium,2020,11522440
BG,Bulgaria,2020,6951482
CH,Switzerland,2020,8606033
CY,Cyprus,2020,888005
CZ,Czechia,2020,10693939
DE,Germany (until 1990 former territory of the FRG),2020,83166711
DK,Denmark,2020,5822763
EE,Estonia,2020,1328976
EL,Greece,2020,10718565
ES,Spain,2020,47332614
FI,Finland,2020,5525292
FR,France,2020,67320216
HR,Croatia,2020,4058165
HU,Hungary,2020,9769526
IE,Ireland,2020,4964440
IS,Iceland,2020,364134
IT,Italy,2020,59641488
LI,LI Liechtenstein,2020,38747
LT,Lithuania,2020,2794090
LU,LU Luxembourg,2020,626108
LV,Latvia,2020,1907675
ME,Montenegro,2020,621873
MK,North Macedonia,2020,2076255
MT,MT Malta,2020,514564
NL,Netherlands,2020,17407585
NO,Norway,2020,5367580
PL,Poland,2020,37958138
PT,Portugal,2020,10295909
RO,Romania,2020,19328838
RS,Serbia,2020,6926705
SE,Sweden,2020,10327589
SI,Slovenia,2020,2095861
SK,Slovakia,2020,5457873
TR,Türkiye,2020,83154997
AL,Albania,2019,2862427
AT,Austria,2019,8858775
BE,Belgium,2019,11455519
BG,Bulgaria,2019,7000039
CH,Switzerland,2019,8544527
CY,Cyprus,2019,875899
CZ,Czechia,2019,10649800
DE,Germany (until 1990 former territory of the FRG),2019,83019213
DK,Denmark,2019,5806081
EE,Estonia,2019,1324820
EL,Greece,2019,10724599
ES,Spain,2019,46937060
FI,Finland,2019,5517919
FR,France,2019,67177636
HR,Croatia,2019,4076246
HU,Hungary,2019,9772756
IE,Ireland,2019,4904240
IS,Iceland,2019,356991
IT,Italy,2019,59816673
LI,LI Liechtenstein,2019,38378
LT,Lithuania,2019,2794184
LU,LU Luxembourg,2019,613894
LV,Latvia,2019,1919968
ME,Montenegro,2019,622182
MK,North Macedonia,2019,2077132
MT,MT Malta,2019,493559
NL,Netherlands,2019,17282163
NO,Norway,2019,5328212
PL,Poland,2019,37972812
PT,Portugal,2019,10276617
RO,Romania,2019,19414458
RS,Serbia,2019,6963764
SE,Sweden,2019,10230185
SI,Slovenia,2019,2080908
SK,Slovakia,2019,5450421
TR,Türkiye,2019,82003882
UK,United Kingdom,2019,66647112
AL,Albania,2018,2870324
AT,Austria,2018,8822267
BE,Belgium,2018,11398589
BG,Bulgaria,2018,7050034
CH,Switzerland,2018,8484130
CY,Cyprus,2018,864236
CZ,Czechia,2018,10610055
DE,Germany (until 1990 former territory of the FRG),2018,82792351
DK,Denmark,2018,5781190
EE,Estonia,2018,1319133
EL,Greece,2018,10741165
ES,Spain,2018,46658447
FI,Finland,2018,5513130
FR,France,2018,67026224
HR,Croatia,2018,4105493
HU,Hungary,2018,9778371
IE,Ireland,2018,4830392
IS,Iceland,2018,348450
IT,Italy,2018,60483973
LI,LI Liechtenstein,2018,38114
LT,Lithuania,2018,2808901
LU,LU Luxembourg,2018,602005
LV,Latvia,2018,1934379
ME,Montenegro,2018,622359
MK,North Macedonia,2018,2075301
MT,MT Malta,2018,475701
NL,Netherlands,2018,17181084
NO,Norway,2018,5295619
PL,Poland,2018,37976687
PT,Portugal,2018,10291027
RO,Romania,2018,19533481
RS,Serbia,2018,7001444
SE,Sweden,2018,10120242
SI,Slovenia,2018,2066880
SK,Slovakia,2018,5443120
TR,Türkiye,2018,80810525
UK,United Kingdom,2018,66273576
AL,Albania,2017,2876591
AT,Austria,2017,8772865
BE,Belgium,2017,11351727
BG,Bulgaria,2017,7101859
CH,Switzerland,2017,8419550
CY,Cyprus,2017,854802
CZ,Czechia,2017,10578820
DE,Germany (until 1990 former territory of the FRG),2017,82521653
DK,Denmark,2017,5748769
EE,Estonia,2017,1315635
EL,Greece,2017,10768193
ES,Spain,2017,46528024
FI,Finland,2017,5503297
FR,France,2017,66809816
HR,Croatia,2017,4154213
HU,Hungary,2017,9797561
IE,Ireland,2017,4784383
IS,Iceland,2017,338349
IT,Italy,2017,60589445
LI,LI Liechtenstein,2017,37810
LT,Lithuania,2017,2847904
LU,LU Luxembourg,2017,590667
LV,Latvia,2017,1950116
ME,Montenegro,2017,622387
MK,North Macedonia,2017,2073702
MT,MT Malta,2017,460297
NL,Netherlands,2017,17081507
NO,Norway,2017,5258317
PL,Poland,2017,37972964
PT,Portugal,2017,10309573
RO,Romania,2017,19643949
RS,Serbia,2017,7040272
SE,Sweden,2017,9995153
SI,Slovenia,2017,2065895
SK,Slovakia,2017,5435343
TR,Türkiye,2017,79814871
UK,United Kingdom,2017,65844142
AL,Albania,2016,2875592
AT,Austria,2016,8700471
BE,Belgium,2016,11311117
BG,Bulgaria,2016,7153784
CH,Switzerland,2016,8327126
CY,Cyprus,2016,848319
CZ,Czechia,2016,10553843
DE,Germany (until 1990 former territory of the FRG),2016,82175684
DK,Denmark,2016,5707251
EE,Estonia,2016,1315944
EL,Greece,2016,10783748
ES,Spain,2016,46440099
FI,Finland,2016,5487308
FR,France,2016,66638391
HR,Croatia,2016,4190669
HU,Hungary,2016,9830485
IE,Ireland,2016,4726286
IS,Iceland,2016,332529
IT,Italy,2016,60665551
LI,LI Liechtenstein,2016,37622
LT,Lithuania,2016,2888558
LU,LU Luxembourg,2016,576249
LV,Latvia,2016,1968957
ME,Montenegro,2016,622218
MK,North Macedonia,2016,2071278
MT,MT Malta,2016,450415
NL,Netherlands,2016,16979120
NO,Norway,2016,5210721
PL,Poland,2016,37967209
PT,Portugal,2016,10341330
RO,Romania,2016,19760585
RS,Serbia,2016,7076372
SE,Sweden,2016,9851017
SI,Slovenia,2016,2064188
SK,Slovakia,2016,5426252
TR,Türkiye,2016,78741053
UK,United Kingdom,2016,65379044
AL,Albania,2015,2885796
AT,Austria,2015,8584926
BE,Belgium,2015,11237274
BG,Bulgaria,2015,7202198
CH,Switzerland,2015,8237666
CY,Cyprus,2015,847008
CZ,Czechia,2015,10538275
DE,Germany (until 1990 former territory of the FRG),2015,81197537
DK,Denmark,2015,5659715
EE,Estonia,2015,1314870
EL,Greece,2015,10858018
ES,Spain,2015,46449565
FI,Finland,2015,5471753
FR,France,2015,66458153
HR,Croatia,2015,4225316
HU,Hungary,2015,9855571
IE,Ireland,2015,4677627
IS,Iceland,2015,329100
IT,Italy,2015,60795612
LI,LI Liechtenstein,2015,37366
LT,Lithuania,2015,2921262
LU,LU Luxembourg,2015,562958
LV,Latvia,2015,1986096
ME,Montenegro,2015,622099
MK,North Macedonia,2015,2069172
MT,MT Malta,2015,439691
NL,Netherlands,2015,16900726
NO,Norway,2015,5166493
PL,Poland,2015,38005614
PT,Portugal,2015,10374822
RO,Romania,2015,19870647
RS,Serbia,2015,7114393
SE,Sweden,2015,9747355
SI,Slovenia,2015,2062874
SK,Slovakia,2015,5421349
TR,Türkiye,2015,77695904
UK,United Kingdom,2015,64853393
AL,Albania,2014,2892394
AT,Austria,2014,8507786
BE,Belgium,2014,11180840
BG,Bulgaria,2014,7245677
CH,Switzerland,2014,8139631
CY,Cyprus,2014,858000
CZ,Czechia,2014,10512419
DE,Germany (until 1990 former territory of the FRG),2014,80767463
DK,Denmark,2014,5627235
EE,Estonia,2014,1315819
EL,Greece,2014,10926807
ES,Spain,2014,46512199
FI,Finland,2014,5451270
FR,France,2014,66165980
HR,Croatia,2014,4246809
HU,Hungary,2014,9877365
IE,Ireland,2014,4637852
IS,Iceland,2014,325671
IT,Italy,2014,60782668
LI,LI Liechtenstein,2014,37129
LT,Lithuania,2014,2943472
LU,LU Luxembourg,2014,549680
LV,Latvia,2014,2001468
ME,Montenegro,2014,621521
MK,North Macedonia,2014,2065769
MT,MT Malta,2014,429424
NL,Netherlands,2014,16829289
NO,Norway,2014,5107970
PL,Poland,2014,38017856
PT,Portugal,2014,10427301
RO,Romania,2014,19947311
RS,Serbia,2014,7146759
SE,Sweden,2014,9644864
SI,Slovenia,2014,2061085
SK,Slovakia,2014,5415949
TR,Türkiye,2014,76667864
UK,United Kingdom,2014,64351203
AL,Albania,2013,2897770
AT,Austria,2013,8451860
BE,Belgium,2013,11137974
BG,Bulgaria,2013,7284552
CH,Switzerland,2013,8039060
CY,Cyprus,2013,865878
CZ,Czechia,2013,10516125
DE,Germany (until 1990 former territory of the FRG),2013,80523746
DK,Denmark,2013,5602628
EE,Estonia,2013,1320174
EL,Greece,2013,11003615
ES,Spain,2013,46727890
FI,Finland,2013,5426674
FR,France,2013,65600350
HR,Croatia,2013,4262140
HU,Hungary,2013,9908798
IE,Ireland,2013,4609779
IS,Iceland,2013,321857
IT,Italy,2013,59685227
LI,LI Liechtenstein,2013,36838
LT,Lithuania,2013,2971905
LU,LU Luxembourg,2013,537039
LV,Latvia,2013,2023825
ME,Montenegro,2013,620893
MK,North Macedonia,2013,2062294
MT,MT Malta,2013,422509
NL,Netherlands,2013,16779575
NO,Norway,2013,5051275
PL,Poland,2013,38062535
PT,Portugal,2013,10487289
RO,Romania,2013,20020074
RS,Serbia,2013,7181505
SE,Sweden,2013,9555893
SI,Slovenia,2013,2058821
SK,Slovakia,2013,5410836
TR,Türkiye,2013,75627384
UK,United Kingdom,2013,63905342
AL,Albania,2012,2903008
AT,Austria,2012,8408121
BE,Belgium,2012,11075889
BG,Bulgaria,2012,7327224
CH,Switzerland,2012,7954662
CY,Cyprus,2012,862011
CZ,Czechia,2012,10505445
DE,Germany (until 1990 former territory of the FRG),2012,80327900
DK,Denmark,2012,5580516
EE,Estonia,2012,1325217
EL,Greece,2012,11086406
ES,Spain,2012,46818219
FI,Finland,2012,5401267
FR,France,2012,65276983
HR,Croatia,2012,4275984
HU,Hungary,2012,9931925
IE,Ireland,2012,4589287
IS,Iceland,2012,319575
IT,Italy,2012,59394207
LI,LI Liechtenstein,2012,36475
LT,Lithuania,2012,3003641
LU,LU Luxembourg,2012,524853
LV,Latvia,2012,2044813
ME,Montenegro,2012,620308
MK,North Macedonia,2012,2059794
MT,MT Malta,2012,417546
NL,Netherlands,2012,16730348
NO,Norway,2012,4985870
PL,Poland,2012,38063792
PT,Portugal,2012,10542398
RO,Romania,2012,20095996
RS,Serbia,2012,7216649
SE,Sweden,2012,9482855
SI,Slovenia,2012,2055496
SK,Slovakia,2012,5404322
TR,Türkiye,2012,74724269
UK,United Kingdom,2012,63495088
AL,Albania,2011,2907361
AT,Austria,2011,8375164
BE,Belgium,2011,11000638
BG,Bulgaria,2011,7369431
CH,Switzerland,2011,7870134
CY,Cyprus,2011,839751
CZ,Czechia,2011,10486731
DE,Germany (until 1990 former territory of the FRG),2011,80222065
DK,Denmark,2011,5560628
EE,Estonia,2011,1329660
EL,Greece,2011,11123392
ES,Spain,2011,46667174
FI,Finland,2011,5375276
FR,France,2011,64978721
HR,Croatia,2011,4289857
HU,Hungary,2011,9985722
IE,Ireland,2011,4570881
IS,Iceland,2011,318452
IT,Italy,2011,59364690
LI,LI Liechtenstein,2011,36149
LT,Lithuania,2011,3052588
LU,LU Luxembourg,2011,511840
LV,Latvia,2011,2074605
ME,Montenegro,2011,619850
MK,North Macedonia,2011,2057284
MT,MT Malta,2011,414989
NL,Netherlands,2011,16655799
NO,Norway,2011,4920305
PL,Poland,2011,38062718
PT,Portugal,2011,10572721
RO,Romania,2011,20199059
RS,Serbia,2011,7251549
SE,Sweden,2011,9415570
SI,Slovenia,2011,2050189
SK,Slovakia,2011,5392446
TR,Türkiye,2011,73722988
UK,United Kingdom,2011,63022532
AL,Albania,2010,2918674
AT,Austria,2010,8351643
BE,Belgium,2010,10839905
BG,Bulgaria,2010,7421766
CH,Switzerland,2010,7785806
CY,Cyprus,2010,819140
CZ,Czechia,2010,10462088
DE,Germany (until 1990 former territory of the FRG),2010,81802257
DK,Denmark,2010,5534738
EE,Estonia,2010,1333290
EL,Greece,2010,11119289
ES,Spain,2010,46486619
FI,Finland,2010,5351427
FR,France,2010,64658856
HR,Croatia,2010,4302847
HU,Hungary,2010,10014324
IE,Ireland,2010,4549428
IS,Iceland,2010,317630
IT,Italy,2010,59190143
LI,LI Liechtenstein,2010,35894
LT,Lithuania,2010,3141976
LU,LU Luxembourg,2010,502066
LV,Latvia,2010,2120504
ME,Montenegro,2010,619001
MK,North Macedonia,2010,2052722
MT,MT Malta,2010,414027
NL,Netherlands,2010,16574989
NO,Norway,2010,4858199
PL,Poland,2010,38022869
PT,Portugal,2010,10573479
RO,Romania,2010,20294683
RS,Serbia,2010,7306677
SE,Sweden,2010,9340682
SI,Slovenia,2010,2046976
SK,Slovakia,2010,5390410
TR,Türkiye,2010,72561312
UK,United Kingdom,2010,62510197
AL,Albania,2009,2936355
AT,Austria,2009,8335003
BE,Belgium,2009,10753080
BG,Bulgaria,2009,7467119
CH,Switzerland,2009,7701856
CY,Cyprus,2009,796930
CZ,Czechia,2009,10425783
DE,Germany (until 1990 former territory of the FRG),2009,82002356
DK,Denmark,2009,5511451
EE,Estonia,2009,1335740
EL,Greece,2009,11094745
ES,Spain,2009,46239273
FI,Finland,2009,5326314
FR,France,2009,64350226
HR,Croatia,2009,4309796
HU,Hungary,2009,10030975
IE,Ireland,2009,4521322
IS,Iceland,2009,319368
IT,Italy,2009,59000586
LI,LI Liechtenstein,2009,35589
LT,Lithuania,2009,3183856
LU,LU Luxembourg,2009,493500
LV,Latvia,2009,2162834
ME,Montenegro,2009,617157
MK,North Macedonia,2009,2048619
MT,MT Malta,2009,410926
NL,Netherlands,2009,16485787
NO,Norway,2009,4799252
PL,Poland,2009,38135876
PT,Portugal,2009,10563014
RO,Romania,2009,20440290
RS,Serbia,2009,7334937
SE,Sweden,2009,9256347
SI,Slovenia,2009,2032362
SK,Slovakia,2009,5382401
TR,Türkiye,2009,71517100
UK,United Kingdom,2009,62042343
AL,Albania,2008,2958266
AT,Austria,2008,8307989
BE,Belgium,2008,10666866
BG,Bulgaria,2008,7518002
CH,Switzerland,2008,7593494
CY,Cyprus,2008,776333
CZ,Czechia,2008,10343422
DE,Germany (until 1990 former territory of the FRG),2008,82217837
DK,Denmark,2008,5475791
EE,Estonia,2008,1338440
EL,Greece,2008,11060937
ES,Spain,2008,45668939
FI,Finland,2008,5300484
FR,France,2008,64007193
HR,Croatia,2008,4311967
HU,Hungary,2008,10045401
IE,Ireland,2008,4457765
IS,Iceland,2008,315459
IT,Italy,2008,58652875
LI,LI Liechtenstein,2008,35356
LT,Lithuania,2008,3212605
LU,LU Luxembourg,2008,483799
LV,Latvia,2008,2191810
ME,Montenegro,2008,615543
MK,North Macedonia,2008,2045177
MT,MT Malta,2008,407832
NL,Netherlands,2008,16405399
NO,Norway,2008,4737171
PL,Poland,2008,38115641
PT,Portugal,2008,10553339
RO,Romania,2008,20635460
RS,Serbia,2008,7365507
SE,Sweden,2008,9182927
SI,Slovenia,2008,2010269
SK,Slovakia,2008,5376064
TR,Türkiye,2008,70586256
UK,United Kingdom,2008,61571647
AL,Albania,2007,2981755
AT,Austria,2007,8282984
BE,Belgium,2007,10584534
BG,Bulgaria,2007,7572673
CH,Switzerland,2007,7508739
CY,Cyprus,2007,757916
CZ,Czechia,2007,10254233
DE,Germany (until 1990 former territory of the FRG),2007,82314906
DK,Denmark,2007,5447084
EE,Estonia,2007,1342920
EL,Greece,2007,11036008
ES,Spain,2007,44784666
FI,Finland,2007,5276955
FR,France,2007,63645065
HR,Croatia,2007,4313530
HU,Hungary,2007,10066158
IE,Ireland,2007,4340118
IS,Iceland,2007,307672
IT,Italy,2007,58223744
LI,LI Liechtenstein,2007,35168
LT,Lithuania,2007,3249983
LU,LU Luxembourg,2007,476187
LV,Latvia,2007,2208840
ME,Montenegro,2007,614624
MK,North Macedonia,2007,2041941
MT,MT Malta,2007,405616
NL,Netherlands,2007,16357992
NO,Norway,2007,4681134
PL,Poland,2007,38125479
PT,Portugal,2007,10532588
RO,Romania,2007,21130503
RS,Serbia,2007,7397651
SE,Sweden,2007,9113257
SI,Slovenia,2007,2010377
SK,Slovakia,2007,5373180
TR,Türkiye,2007,69729967
UK,United Kingdom,2007,61073279
AL,Albania,2006,3003329
AT,Austria,2006,8254298
BE,Belgium,2006,10511382
BG,Bulgaria,2006,7629371
CH,Switzerland,2006,7459128
CY,Cyprus,2006,744013
CZ,Czechia,2006,10223577
DE,Germany (until 1990 former territory of the FRG),2006,82437995
DK,Denmark,2006,5427459
EE,Estonia,2006,1350700
EL,Greece,2006,11004716
ES,Spain,2006,44009971
FI,Finland,2006,5255580
FR,France,2006,63229635
HR,Croatia,2006,4312487
HU,Hungary,2006,10076581
IE,Ireland,2006,4208156
IS,Iceland,2006,299891
IT,Italy,2006,58064214
LI,LI Liechtenstein,2006,34905
LT,Lithuania,2006,3289835
LU,LU Luxembourg,2006,469086
LV,Latvia,2006,2227874
ME,Montenegro,2006,613109
MK,North Macedonia,2006,2038514
MT,MT Malta,2006,404999
NL,Netherlands,2006,16334210
NO,Norway,2006,4640219
PL,Poland,2006,38157055
PT,Portugal,2006,10511988
RO,Romania,2006,21257016
RS,Serbia,2006,7425487
SE,Sweden,2006,9047752
SI,Slovenia,2006,2003358
SK,Slovakia,2006,5372928
TR,Türkiye,2006,68860539
UK,United Kingdom,2006,60620361
AL,Albania,2005,3019634
AT,Austria,2005,8201359
BE,Belgium,2005,10445852
BG,Bulgaria,2005,7688573
CH,Switzerland,2005,7415102
CY,Cyprus,2005,733067
CZ,Czechia,2005,10198855
DE,Germany (until 1990 former territory of the FRG),2005,82500849
DK,Denmark,2005,5411405
EE,Estonia,2005,1358850
EL,Greece,2005,10969912
ES,Spain,2005,43296338
FI,Finland,2005,5236611
FR,France,2005,62772870
HR,Croatia,2005,4310861
HU,Hungary,2005,10097549
IE,Ireland,2005,4111672
IS,Iceland,2005,293577
IT,Italy,2005,57874753
LI,LI Liechtenstein,2005,34600
LT,Lithuania,2005,3355220
LU,LU Luxembourg,2005,461230
LV,Latvia,2005,2249724
ME,Montenegro,2005,613420
MK,North Macedonia,2005,2035196
MT,MT Malta,2005,402668
NL,Netherlands,2005,16305526
NO,Norway,2005,4606363
PL,Poland,2005,38173835
PT,Portugal,2005,10494672
RO,Romania,2005,21382354
RS,Serbia,2005,7456050
SE,Sweden,2005,9011392
SI,Slovenia,2005,1997590
SK,Slovakia,2005,5372685
TR,Türkiye,2005,68010221
UK,United Kingdom,2005,60182050
AL,Albania,2004,3034231
AT,Austria,2004,8142573
BE,Belgium,2004,10396421
BG,Bulgaria,2004,7745147
CH,Switzerland,2004,7364148
CY,Cyprus,2004,722893
CZ,Czechia,2004,10195347
DE,Germany (until 1990 former territory of the FRG),2004,82531671
DK,Denmark,2004,5397640
EE,Estonia,2004,1366250
EL,Greece,2004,10940369
ES,Spain,2004,42547451
FI,Finland,2004,5219732
FR,France,2004,62292241
HR,Croatia,2004,4305725
HU,Hungary,2004,10116742
IE,Ireland,2004,4028851
IS,Iceland,2004,290570
IT,Italy,2004,57495900
LI,LI Liechtenstein,2004,34294
LT,Lithuania,2004,3398929
LU,LU Luxembourg,2004,454960
LV,Latvia,2004,2276520
ME,Montenegro,2004,612214
MK,North Macedonia,2004,2029892
MT,MT Malta,2004,399867
NL,Netherlands,2004,16258032
NO,Norway,2004,4577457
PL,Poland,2004,38190608
PT,Portugal,2004,10473050
RO,Romania,2004,21521142
RS,Serbia,2004,7470263
SE,Sweden,2004,8975670
SI,Slovenia,2004,1996433
SK,Slovakia,2004,5371875
TR,Türkiye,2004,67187251
UK,United Kingdom,2004,59793759
AL,Albania,2003,3044993
AT,Austria,2003,8100273
BE,Belgium,2003,10355844
BG,Bulgaria,2003,7805506
CH,Switzerland,2003,7313853
CY,Cyprus,2003,713720
CZ,Czechia,2003,10192649
DE,Germany (until 1990 former territory of the FRG),2003,82536680
DK,Denmark,2003,5383507
EE,Estonia,2003,1375190
EL,Greece,2003,10915770
ES,Spain,2003,41827838
FI,Finland,2003,5206295
FR,France,2003,61864088
HR,Croatia,2003,4305384
HU,Hungary,2003,10142362
IE,Ireland,2003,3964191
IS,Iceland,2003,288471
IT,Italy,2003,57130506
LI,LI Liechtenstein,2003,33863
LT,Lithuania,2003,3431497
LU,LU Luxembourg,2003,448300
LV,Latvia,2003,2299390
ME,Montenegro,2003,610510
MK,North Macedonia,2003,2023654
MT,MT Malta,2003,397296
NL,Netherlands,2003,16192572
NO,Norway,2003,4552252
PL,Poland,2003,38218531
PT,Portugal,2003,10444592
RO,Romania,2003,21627509
RS,Serbia,2003,7490918
SE,Sweden,2003,8940788
SI,Slovenia,2003,1995033
SK,Slovakia,2003,5374873
TR,Türkiye,2003,66401851
UK,United Kingdom,2003,59501394
AL,Albania,2002,3057018
AT,Austria,2002,8063640
BE,Belgium,2002,10309725
BG,Bulgaria,2002,7868815
CH,Switzerland,2002,7255653
CY,Cyprus,2002,705539
CZ,Czechia,2002,10201182
DE,Germany (until 1990 former territory of the FRG),2002,82440309
DK,Denmark,2002,5368354
EE,Estonia,2002,1383510
EL,Greece,2002,10888274
ES,Spain,2002,41035278
FI,Finland,2002,5194901
FR,France,2002,61424036
HR,Croatia,2002,4305494
HU,Hungary,2002,10174853
IE,Ireland,2002,3899702
IS,Iceland,2002,286575
IT,Italy,2002,56987507
LI,LI Liechtenstein,2002,33525
LT,Lithuania,2002,3454637
LU,LU Luxembourg,2002,444050
LV,Latvia,2002,2320956
ME,Montenegro,2002,608460
MK,North Macedonia,2002,2038651
MT,MT Malta,2002,394641
NL,Netherlands,2002,16105285
NO,Norway,2002,4524066
PL,Poland,2002,38242197
PT,Portugal,2002,10394669
RO,Romania,2002,21833483
RS,Serbia,2002,7502126
SE,Sweden,2002,8909128
SI,Slovenia,2002,1994026
SK,Slovakia,2002,5378951
TR,Türkiye,2002,65603160
UK,United Kingdom,2002,59239564
AL,Albania,2001,3063318
AT,Austria,2001,8020946
BE,Belgium,2001,10263414
BG,Bulgaria,2001,8149468
CH,Switzerland,2001,7204055
CY,Cyprus,2001,697549
CZ,Czechia,2001,10232027
DE,Germany (until 1990 former territory of the FRG),2001,82259540
DK,Denmark,2001,5349212
EE,Estonia,2001,1392720
EL,Greece,2001,10835989
ES,Spain,2001,40665545
FI,Finland,2001,5181115
FR,France,2001,60979315
HR,Croatia,2001,4295406
HU,Hungary,2001,10200298
IE,Ireland,2001,3832783
IS,Iceland,2001,283361
IT,Italy,2001,56960692
LI,LI Liechtenstein,2001,32863
LT,Lithuania,2001,3486998
LU,LU Luxembourg,2001,439000
LV,Latvia,2001,2353384
ME,Montenegro,2001,605988
MK,North Macedonia,2001,2031112
MT,MT Malta,2001,391415
NL,Netherlands,2001,15987075
NO,Norway,2001,4503436
PL,Poland,2001,38253955
PT,Portugal,2001,10330774
RO,Romania,2001,22430457
RS,Serbia,2001,7504739
SE,Sweden,2001,8882792
SI,Slovenia,2001,1990094
SK,Slovakia,2001,5378783
TR,Türkiye,2001,64729501
UK,United Kingdom,2001,58999781
AL,Albania,2000,3058497
AT,Austria,2000,8002186
BE,Belgium,2000,10239085
BG,Bulgaria,2000,8190876
CH,Switzerland,2000,7164444
CY,Cyprus,2000,690497
CZ,Czechia,2000,10278098
DE,Germany (until 1990 former territory of the FRG),2000,82163475
DK,Denmark,2000,5330020
EE,Estonia,2000,1401250
EL,Greece,2000,10775627
ES,Spain,2000,40470182
FI,Finland,2000,5171302
FR,France,2000,60545022
HR,Croatia,2000,4497735
HU,Hungary,2000,10221644
IE,Ireland,2000,3777565
IS,Iceland,2000,279049
IT,Italy,2000,56923524
LI,LI Liechtenstein,2000,32426
LT,Lithuania,2000,3512074
LU,LU Luxembourg,2000,433600
LV,Latvia,2000,2381715
ME,Montenegro,2000,603152
MK,North Macedonia,2000,2021578
MT,MT Malta,2000,388759
NL,Netherlands,2000,15863950
NO,Norway,2000,4478497
PL,Poland,2000,38263303
PT,Portugal,2000,10249022
RO,Romania,2000,22455485
RS,Serbia,2000,7527952
SE,Sweden,2000,8861426
SI,Slovenia,2000,1987755
SK,Slovakia,2000,5398657
TR,Türkiye,2000,66889425
UK,United Kingdom,2000,58785246
AL,Albania,1999,3373445
AT,Austria,1999,7982461
BE,Belgium,1999,10213752
BG,Bulgaria,1999,8230371
CH,Switzerland,1999,7123537
CY,Cyprus,1999,682862
CZ,Czechia,1999,10289621
DE,Germany (until 1990 former territory of the FRG),1999,82037011
DK,Denmark,1999,5313577
EE,Estonia,1999,1379237
EL,Greece,1999,10747768
ES,Spain,1999,40303568
FI,Finland,1999,5159646
FR,France,1999,60158533
HR,Croatia,1999,4527460
HU,Hungary,1999,10253416
IE,Ireland,1999,3732006
IS,Iceland,1999,275712
IT,Italy,1999,56909109
LI,LI Liechtenstein,1999,32015
LT,Lithuania,1999,3536401
LU,LU Luxembourg,1999,427350
LV,Latvia,1999,2399248
MK,North Macedonia,1999,2012705
MT,MT Malta,1999,386397
NL,Netherlands,1999,15760225
NO,Norway,1999,4445329
PL,Poland,1999,38666983
PT,Portugal,1999,10186634
RO,Romania,1999,22488595
RS,Serbia,1999,7552850
SE,Sweden,1999,8854322
SI,Slovenia,1999,1978334
SK,Slovakia,1999,5393382
TR,Türkiye,1999,65786563
UK,United Kingdom,1999,58579685
AL,Albania,1998,3354341
AT,Austria,1998,7971116
BE,Belgium,1998,10192264
BG,Bulgaria,1998,8283200
CH,Switzerland,1998,7096465
CY,Cyprus,1998,675215
CZ,Czechia,1998,10299125
DE,Germany (until 1990 former territory of the FRG),1998,82057379
DK,Denmark,1998,5294860
EE,Estonia,1998,1393074
EL,Greece,1998,10693250
ES,Spain,1998,40143449
FI,Finland,1998,5147349
FR,France,1998,58298962
HR,Croatia,1998,4536812
HU,Hungary,1998,10279724
IE,Ireland,1998,3693386
IS,Iceland,1998,272381
IT,Italy,1998,56904379
LI,LI Liechtenstein,1998,31320
LT,Lithuania,1998,3562261
LU,LU Luxembourg,1998,422050
LV,Latvia,1998,2420789
MK,North Macedonia,1998,2002340
MT,MT Malta,1998,384176
NL,Netherlands,1998,15654192
NO,Norway,1998,4417599
PL,Poland,1998,38659979
PT,Portugal,1998,10133758
RO,Romania,1998,22526093
SE,Sweden,1998,8847625
SI,Slovenia,1998,1984923
SK,Slovakia,1998,5387650
TR,Türkiye,1998,64641675
UK,United Kingdom,1998,58394596
AL,Albania,1997,3324317
AT,Austria,1997,7964966
BE,Belgium,1997,10170226
BG,Bulgaria,1997,8340936
CH,Switzerland,1997,7081346
CY,Cyprus,1997,666313
CZ,Czechia,1997,10309137
DE,Germany (until 1990 former territory of the FRG),1997,82012162
DK,Denmark,1997,5275121
EE,Estonia,1997,1405996
EL,Greece,1997,10629267
ES,Spain,1997,39971329
FI,Finland,1997,5132320
FR,France,1997,58116018
HR,Croatia,1997,4533028
HU,Hungary,1997,10301247
IE,Ireland,1997,3654955
IS,Iceland,1997,269874
IT,Italy,1997,56876364
LI,LI Liechtenstein,1997,31143
LT,Lithuania,1997,3588013
LU,LU Luxembourg,1997,416850
LV,Latvia,1997,2444912
MK,North Macedonia,1997,1991398
MT,MT Malta,1997,381405
NL,Netherlands,1997,15567107
NO,Norway,1997,4392714
PL,Poland,1997,38639341
PT,Portugal,1997,10084196
RO,Romania,1997,22581862
SE,Sweden,1997,8844499
SI,Slovenia,1997,1986989
SK,Slovakia,1997,5378932
TR,Türkiye,1997,63484661
UK,United Kingdom,1997,58239312
AL,Albania,1996,3283000
AT,Austria,1996,7953067
BE,Belgium,1996,10143047
BG,Bulgaria,1996,8384715
CH,Switzerland,1996,7062354
CY,Cyprus,1996,656333
CZ,Czechia,1996,10321344
DE,Germany (until 1990 former territory of the FRG),1996,81817499
DK,Denmark,1996,5251027
EE,Estonia,1996,1425192
EL,Greece,1996,10588332
ES,Spain,1996,39808374
FI,Finland,1996,5116826
FR,France,1996,57935959
HR,Croatia,1996,4581167
HU,Hungary,1996,10321229
IE,Ireland,1996,3620065
IS,Iceland,1996,267958
IT,Italy,1996,56844197
LI,LI Liechtenstein,1996,30923
LT,Lithuania,1996,3615212
LU,LU Luxembourg,1996,411600
LV,Latvia,1996,2469531
MK,North Macedonia,1996,1971687
MT,MT Malta,1996,378404
NL,Netherlands,1996,15493889
NO,Norway,1996,4369957
PL,Poland,1996,38609399
PT,Portugal,1996,10043693
RO,Romania,1996,22656145
SE,Sweden,1996,8837496
SI,Slovenia,1996,1990266
SK,Slovakia,1996,5367790
TR,Türkiye,1996,62337617
UK,United Kingdom,1996,58094587
AL,Albania,1995,3248836
AT,Austria,1995,7943489
BE,Belgium,1995,10130574
BG,Bulgaria,1995,8427418
CH,Switzerland,1995,7019019
CY,Cyprus,1995,645399
CZ,Czechia,1995,10333161
DE,Germany (until 1990 former territory of the FRG),1995,81538603
DK,Denmark,1995,5215718
EE,Estonia,1995,1448075
EL,Greece,1995,10535973
ES,Spain,1995,39639726
FI,Finland,1995,5098754
FR,France,1995,57752535
HR,Croatia,1995,4658893
HU,Hungary,1995,10336700
IE,Ireland,1995,3597617
IS,Iceland,1995,266978
IT,Italy,1995,56844408
LI,LI Liechtenstein,1995,30629
LT,Lithuania,1995,3642991
LU,LU Luxembourg,1995,405650
LV,Latvia,1995,2500580
MK,North Macedonia,1995,1957265
MT,MT Malta,1995,376433
NL,Netherlands,1995,15424122
NO,Norway,1995,4348410
PL,Poland,1995,38580597
PT,Portugal,1995,10008659
RO,Romania,1995,22712394
SE,Sweden,1995,8816381
SI,Slovenia,1995,1989477
SK,Slovakia,1995,5356207
TR,Türkiye,1995,61203584
UK,United Kingdom,1995,57943472
AL,Albania,1994,3220310
AT,Austria,1994,7928746
BE,Belgium,1994,10100631
BG,Bulgaria,1994,8459763
CH,Switzerland,1994,6968570
CY,Cyprus,1994,632944
CZ,Czechia,1994,10334013
DE,Germany (until 1990 former territory of the FRG),1994,81338093
DK,Denmark,1994,5196642
EE,Estonia,1994,1476952
EL,Greece,1994,10489871
ES,Spain,1994,39458489
FI,Finland,1994,5077912
FR,France,1994,57565008
HR,Croatia,1994,4645155
HU,Hungary,1994,10350010
IE,Ireland,1994,3583154
IS,Iceland,1994,265064
IT,Italy,1994,56842392
LI,LI Liechtenstein,1994,30310
LT,Lithuania,1994,3671296
LU,LU Luxembourg,1994,400200
LV,Latvia,1994,2540904
MK,North Macedonia,1994,1936741
MT,MT Malta,1994,373161
NL,Netherlands,1994,15341553
NO,Norway,1994,4324815
PL,Poland,1994,38504707
PT,Portugal,1994,9974391
RO,Romania,1994,22748027
SE,Sweden,1994,8745109
SI,Slovenia,1994,1989408
SK,Slovakia,1994,5336455
TR,Türkiye,1994,60079060
UK,United Kingdom,1994,57788017
AL,Albania,1993,3167478
AT,Austria,1993,7882519
BE,Belgium,1993,10068319
BG,Bulgaria,1993,8484863
CH,Switzerland,1993,6907959
CY,Cyprus,1993,619231
CZ,Czechia,1993,10325697
DE,Germany (until 1990 former territory of the FRG),1993,80974632
DK,Denmark,1993,5180614
EE,Estonia,1993,1511303
EL,Greece,1993,10430958
ES,Spain,1993,39264034
FI,Finland,1993,5054982
FR,France,1993,57369161
HR,Croatia,1993,4555771
HU,Hungary,1993,10365035
IE,Ireland,1993,3569367
IS,Iceland,1993,262386
IT,Italy,1993,56821250
LI,LI Liechtenstein,1993,29868
LT,Lithuania,1993,3693929
LU,LU Luxembourg,1993,394750
LV,Latvia,1993,2585675
MK,North Macedonia,1993,2061000
MT,MT Malta,1993,369455
NL,Netherlands,1993,15239182
NO,Norway,1993,4299167
PL,Poland,1993,38418108
PT,Portugal,1993,9954958
RO,Romania,1993,22778533
SE,Sweden,1993,8692013
SI,Slovenia,1993,1994084
SK,Slovakia,1993,5314155
TR,Türkiye,1993,58958565
UK,United Kingdom,1993,57649210
AL,Albania,1992,3190103
AT,Austria,1992,7798899
BE,Belgium,1992,10021997
BG,Bulgaria,1992,8595465
CH,Switzerland,1992,6842768
CY,Cyprus,1992,603069
CZ,Czechia,1992,10312548
DE,Germany (until 1990 former territory of the FRG),1992,80274564
DK,Denmark,1992,5162126
EE,Estonia,1992,1554878
EL,Greece,1992,10367163
ES,Spain,1992,39051336
FI,Finland,1992,5029002
FR,France,1992,57110533
HR,Croatia,1992,4595865
HU,Hungary,1992,10373647
IE,Ireland,1992,3547492
IS,Iceland,1992,259727
IT,Italy,1992,56772923
LI,LI Liechtenstein,1992,29386
LT,Lithuania,1992,3706299
LU,LU Luxembourg,1992,389600
LV,Latvia,1992,2643000
MK,North Macedonia,1992,1908941
MT,MT Malta,1992,365781
NL,Netherlands,1992,15129150
NO,Norway,1992,4273634
PL,Poland,1992,38309226
PT,Portugal,1992,9950029
RO,Romania,1992,22810035
SE,Sweden,1992,8644120
SI,Slovenia,1992,1998912
SK,Slovakia,1992,5295877
TR,Türkiye,1992,57835076
UK,United Kingdom,1992,57511594
AL,Albania,1991,3259814
AT,Austria,1991,7710882
BE,Belgium,1991,9986975
BG,Bulgaria,1991,8669269
CH,Switzerland,1991,6757188
CY,Cyprus,1991,587141
CZ,Czechia,1991,10304607
DE,Germany (until 1990 former territory of the FRG),1991,79753227
DK,Denmark,1991,5146469
EE,Estonia,1991,1567749
EL,Greece,1991,10272691
ES,Spain,1991,38881416
FI,Finland,1991,4998478
FR,France,1991,56840661
HR,Croatia,1991,4782179
HU,Hungary,1991,10373153
IE,Ireland,1991,3520977
IS,Iceland,1991,255866
IT,Italy,1991,56744119
LI,LI Liechtenstein,1991,29032
LT,Lithuania,1991,3701968
LU,LU Luxembourg,1991,384400
LV,Latvia,1991,2658161
MK,North Macedonia,1991,1890872
MT,MT Malta,1991,361908
NL,Netherlands,1991,15010445
NO,Norway,1991,4249830
PL,Poland,1991,38183160
PT,Portugal,1991,9970441
RO,Romania,1991,23192274
SE,Sweden,1991,8590630
SI,Slovenia,1991,1999945
SK,Slovakia,1991,5310711
TR,Türkiye,1991,56714051
UK,United Kingdom,1991,57338199
AL,Albania,1990,3286500
AT,Austria,1990,7644818
BE,Belgium,1990,9947782
BG,Bulgaria,1990,8767308
CH,Switzerland,1990,6673850
CY,Cyprus,1990,572655
CZ,Czechia,1990,10362102
DE,Germany (until 1990 former territory of the FRG),1990,79112831
DK,Denmark,1990,5135409
EE,Estonia,1990,1570599
EL,Greece,1990,10120892
ES,Spain,1990,38853227
FI,Finland,1990,4974383
FR,France,1990,56577000
HR,Croatia,1990,4772556
HU,Hungary,1990,10374823
IE,Ireland,1990,3506970
IS,Iceland,1990,253785
IT,Italy,1990,56694360
LI,LI Liechtenstein,1990,28452
LT,Lithuania,1990,3693708
LU,LU Luxembourg,1990,379300
LV,Latvia,1990,2668140
MK,North Macedonia,1990,1873109
MT,MT Malta,1990,352430
NL,Netherlands,1990,14892574
NO,Norway,1990,4233116
PL,Poland,1990,38038403
PT,Portugal,1990,9995995
RO,Romania,1990,23211395
SE,Sweden,1990,8527039
SI,Slovenia,1990,1996377
SK,Slovakia,1990,5287663
TR,Türkiye,1990,55494711
UK,United Kingdom,1990,57156972
